modelYear,mileage,price,trim,city
2017,120000,4675000,oriel,Islamabad
2018,72712,5350000,oriel,Islamabad
2016,96000,4950000,turbo,Islamabad
2020,85000,5950000,oriel,Islamabad
2021,22000,6850000,oriel,Lahore
2021,44000,6325000,oriel,Karachi
2019,75000,4775000,oriel,Karachi
2018,61000,4800000,oriel,Karachi
2017,148975,4700000,oriel,Multan
2019,41000,5575000,oriel,Karachi
2021,58513,6350000,standard,Faisalabad
2019,45000,4995000,oriel,Karachi
2019,87000,5500000,oriel,Sialkot
2019,49000,5610000,oriel,Sialkot
2020,54000,6450000,oriel,Islamabad
2016,68000,5500000,turbo,Sialkot
2018,122000,5450000,oriel,Islamabad
2018,98000,5550000,oriel,Islamabad
2017,131000,4650000,oriel,Lahore
2019,160000,5700000,standard,Islamabad
2020,62000,6250000,oriel,Kharian
2018,42786,5050000,oriel,Karachi
2021,62000,6850000,turbo,Gujranwala
2016,80000,4950000,oriel,Lahore
2021,40000,6350000,oriel,Lahore
2021,62000,6850000,turbo,Gujranwala
2016,80000,4950000,oriel,Lahore
2021,40223,6300000,oriel,Karachi
2021,75000,6100000,oriel,Islamabad
2020,39130,5900000,oriel,Lahore
2017,112136,5100000,oriel,Lahore
2018,124000,4890000,oriel,Islamabad
2020,19000,6100000,oriel,Lahore
2019,66536,6350000,oriel,Islamabad
2016,71184,4600000,turbo,Karachi
2016,129000,4400000,oriel,Lahore
2020,68000,6300000,oriel,Islamabad
2018,68000,5295000,oriel,Lahore
2017,110000,5200000,oriel,Islamabad
2017,108000,4800000,oriel,Islamabad
2019,70000,4495000,standard,Karachi
2018,92000,5500000,oriel,Multan
2019,63198,5800000,standard,Karachi
2018,77000,5090000,oriel,Islamabad
2017,184000,4300000,standard,Islamabad
2019,66000,5675000,oriel,Lahore
2018,72000,5500000,oriel,Lahore
2017,800000,5000000,turbo,Karachi
2018,12345,5600000,oriel,Islamabad
2017,160000,4950000,oriel,Lahore
2021,58000,6245000,oriel,Lahore
2017,80000,5260000,oriel,Rawalpindi
2021,58000,6245000,oriel,Lahore
2018,93000,4870000,standard,Lahore
2018,142567,5000000,oriel,Lahore
2020,75000,6650000,turbo,Islamabad
2016,54010,4700000,oriel,Karachi
2016,61542,4850000,turbo,Karachi
2021,72000,6550000,oriel,Peshawar
2019,71000,6450000,turbo,Lahore
2017,35000,5360000,oriel,Gujranwala
2020,30000,6200000,oriel,Karachi
2021,72000,6050000,oriel,Narowal
2020,43500,5700000,oriel,Karachi
2021,28000,6850000,oriel,Gujrat
2021,94000,6500000,oriel,Lahore
2017,46000,4650000,oriel,Karachi
2016,20,4150000,turbo,Attock
2021,35000,6500000,oriel,Gambat
2021,76000,7050000,turbo,Sahiwal
2016,92000,4600000,turbo,Karachi
2017,104000,4600000,oriel,Lahore
2017,63000,5385000,oriel,Multan
2019,53000,5600000,oriel,Gujranwala
2016,30851,4500000,turbo,Faisalabad
2020,70000,6100000,oriel,Lahore
2021,32914,8000000,oriel,Lahore
2017,70000,5200000,oriel,Rawalpindi
2021,75000,6450000,oriel,Sheikhupura
2020,60415,6250000,oriel,Islamabad
2018,58000,5225000,oriel,Karachi
2018,52000,5075000,oriel,Karachi
2016,95000,4675000,oriel,Lahore
2021,88070,6500000,oriel,Islamabad
2020,80000,6100000,oriel,Rawalpindi
2016,94300,4725000,oriel,Islamabad
2019,81000,5775000,oriel,Islamabad
2021,36000,6625000,oriel,Lahore
2018,95000,4800000,oriel,Lahore
2018,67000,5200000,oriel,Islamabad
2018,74000,5200000,oriel,Lahore
2019,51000,5200000,oriel,Lahore
2018,60152,5250000,oriel,Multan
2019,80000,5350000,oriel,Lahore
2017,113333,5250000,oriel,Islamabad
2021,65000,6400000,oriel,Bahawalpur
2019,74000,5400000,oriel,Lahore
2018,55000,5050000,standard,Karachi
2021,79000,6350000,oriel,Karachi
2018,140000,5600000,oriel,Gujranwala
2016,99000,4850000,turbo,Multan
2021,50000,6500000,oriel,Lahore
2017,71000,5125000,oriel,Rawalpindi
2019,10200,5800000,oriel,Kharian
2020,80000,6250000,standard,Chiniot
2018,6500,4850000,oriel,Hyderabad
2020,78000,6050000,oriel,Lahore
2018,62000,5500000,oriel,Peshawar
2018,85000,5100000,oriel,Lahore
2017,181000,4700000,oriel,Rawalpindi
2021,66253,6300000,oriel,Gujranwala
2021,53000,6350000,oriel,Lahore
2018,42189,4975000,standard,Lahore
2019,68000,5400000,oriel,Lahore
2017,103200,5475000,turbo,Islamabad
2017,105000,5050000,oriel,Lahore
2018,85000,4100000,standard,Karachi
2017,5000,5800000,oriel,Karachi
2018,85368,5050000,oriel,Multan
2018,88000,5500000,oriel,Islamabad
2016,94300,4725000,oriel,Islamabad
2021,69000,6300000,oriel,Islamabad
2020,94000,5850000,oriel,Islamabad
2016,85000,5450000,turbo,Lahore
2019,81000,5775000,oriel,Islamabad
2021,36000,6625000,oriel,Lahore
2018,95000,4800000,oriel,Lahore
2019,74000,5100000,oriel,Karachi
2018,67000,5200000,oriel,Islamabad
2018,34000,5680000,oriel,Lahore
2021,75000,6600000,oriel,Lahore
2016,90000,5100000,oriel,Islamabad
2018,115000,4900000,oriel,Karachi
2021,46000,5975000,oriel,Karachi
2021,39000,6500000,oriel,Karachi
2018,120000,5700000,oriel,Lahore
2017,171000,4900000,oriel,Lahore
2021,122830,6150000,oriel,Faisalabad
2016,105712,4800000,standard,Islamabad
2016,100000,4250000,oriel,Karachi
2021,50500,6775000,oriel,Sargodha
2017,125000,4999000,oriel,Islamabad
2021,55000,6500000,oriel,Multan
2018,108000,4650000,standard,Islamabad
2016,149769,4700000,turbo,Rawalpindi
2018,66495,4900000,oriel,Peshawar
2020,54000,5450000,oriel,Karachi
2021,65000,6750000,turbo,Islamabad
2021,39000,6750000,oriel,Rawalpindi
2021,53000,6150000,oriel,Karachi
2019,122000,5500000,oriel,Multan
2018,85000,4100000,standard,Karachi
2020,105000,5345000,standard,Chakwal
2016,102000,4625000,oriel,Faisalabad
2019,84000,5850000,oriel,Islamabad
2019,89000,5680000,oriel,Peshawar
2017,75000,5200000,oriel,Rawalpindi
2017,100000,4750000,turbo,Karachi
2021,40000,6400000,oriel,Gujranwala
2017,5000,5800000,oriel,Karachi
2018,85368,5050000,oriel,Multan
2017,90000,4625000,standard,Lahore
2018,88000,5500000,oriel,Islamabad
2018,76000,4950000,oriel,Lahore
2020,44000,6285000,oriel,Haripur
2021,69000,6500000,oriel,Karachi
2017,125000,5000000,oriel,Sialkot
2021,52300,6420000,oriel,Lahore
2017,133000,4850000,oriel,Islamabad
2021,38000,6250000,oriel,Karachi
2021,34000,6490000,oriel,Lahore
2017,118250,4600000,oriel,Lahore
2017,77000,4450000,oriel,Karachi
2019,65000,5900000,oriel,Lahore
2017,102000,5250000,oriel,Peshawar
2018,75075,5900000,turbo,Rawalpindi
2020,69161,5800000,oriel,Lahore
2021,93020,6900000,oriel,Rawalpindi
2020,45393,5400000,oriel,Karachi
2018,92000,5350000,oriel,Lahore
2017,94648,5150000,oriel,Islamabad
2018,59427,6000000,oriel,Lahore
2021,58990,6600000,oriel,Karachi
2017,125000,4999000,oriel,Islamabad
2021,55000,6500000,oriel,Multan
2019,68600,5500000,oriel,Lahore
2020,67000,6950000,turbo,Rawalpindi
2019,74500,6000000,oriel,Islamabad
2018,108000,4650000,standard,Islamabad
2016,149769,4700000,turbo,Rawalpindi
2018,66495,4900000,oriel,Peshawar
2020,54000,5450000,oriel,Karachi
2021,65000,6750000,turbo,Islamabad
2016,110000,4700000,turbo,Gojra
2021,39000,6750000,oriel,Rawalpindi
2017,85000,5100000,oriel,Islamabad
2020,80000,6400000,turbo,Karachi
2019,118000,5500000,oriel,Pindi Bhattian
2016,90000,5100000,turbo,Karachi
2017,70000,5300000,oriel,Rawalpindi
2020,90000,6095000,oriel,Rawalpindi
2017,90000,5000000,oriel,Sheikhupura
2017,96000,4950000,oriel,Sialkot
2016,77000,5100000,oriel,Islamabad
2020,65000,6950000,turbo,Rawalpindi
2020,66000,6050000,oriel,Islamabad
2018,76277,5375000,oriel,Karachi
2017,42000,4850000,oriel,Karachi
2020,75000,5915000,oriel,Khanpur
2017,137423,5100000,oriel,Islamabad
2018,1,5600000,oriel,Islamabad
2018,113015,5050000,oriel,Rawalpindi
2017,67000,4750000,oriel,Karachi
2018,95000,5275000,oriel,Hafizabad
2017,102000,5250000,oriel,Peshawar
2018,75075,5900000,turbo,Rawalpindi
2020,69161,5800000,oriel,Lahore
2021,46000,6500000,standard,Faisalabad
2019,80000,5720000,oriel,Faisalabad
2018,100000,5330000,oriel,Islamabad
2021,60000,6400000,standard,Sialkot
2016,182000,5578000,turbo,Islamabad
2020,130000,5540000,oriel,Lahore
2021,93020,6900000,oriel,Rawalpindi
2020,45393,5400000,oriel,Karachi
2018,92000,5350000,oriel,Lahore
2021,68000,6750000,oriel,Rawalpindi
2017,94648,5150000,oriel,Islamabad
2017,123500,4625000,standard,Faisalabad
2018,59427,6000000,oriel,Lahore
2018,89000,5345000,oriel,Islamabad
2021,40000,6250000,oriel,Hyderabad
2021,69000,6250000,oriel,Islamabad
2018,72000,4750000,oriel,Karachi
2019,220000,5130000,standard,Rawalpindi
2018,62000,4875000,oriel,Karachi
2020,40000,6300000,oriel,Lahore
2020,61000,6100000,oriel,Islamabad
2018,104000,4995000,oriel,Faisalabad
2020,76125,6250000,turbo,Islamabad
2018,35000,5275000,oriel,Karachi
2020,69000,5790000,oriel,Lahore
2020,72896,5900000,oriel,Karachi
2016,150000,5000000,turbo,Lahore
2017,25079,5300000,oriel,Karachi
2021,70000,6250000,oriel,Lahore
2020,67000,6197000,oriel,Wah cantt
2018,113000,5150000,oriel,Mardan
2019,53000,5975000,oriel,Faisalabad
2018,76277,5375000,oriel,Karachi
2017,42000,4850000,oriel,Karachi
2020,75000,5915000,oriel,Khanpur
2016,110000,5050000,turbo,Sialkot
2017,137423,5100000,oriel,Islamabad
2021,46000,6650000,oriel,Tarbela
2017,107800,4750000,oriel,Lahore
2018,1,5600000,oriel,Islamabad
2018,113015,5050000,oriel,Rawalpindi
2017,67000,4750000,oriel,Karachi
2017,55000,4300000,standard,Karachi
2021,80000,6070000,oriel,Islamabad
2017,198000,4800000,oriel,Lahore
2021,57000,7350000,turbo,Faisalabad
2020,81000,6250000,oriel,Faisalabad
2017,86300,5100000,oriel,Islamabad
2017,106000,4850000,oriel,Khanpur
2019,128000,5500000,oriel,Lahore
2017,68000,5100000,oriel,Gujranwala
2021,32000,6400000,oriel,Quetta
2018,95000,5275000,oriel,Hafizabad
2017,66400,5270000,oriel,Lahore
2017,85000,5200000,oriel,Lahore
2017,78000,4650000,oriel,Karachi
2020,58000,6240000,turbo,Karachi
2017,182899,4700000,oriel,Lahore
2021,22000,7000000,oriel,Peshawar
2021,21000,7100000,oriel,Peshawar
2020,77000,6450000,oriel,Peshawar
2020,54000,6350000,oriel,Peshawar
2016,125000,4590000,oriel,Lahore
2021,37112,6475000,oriel,Multan
2016,130000,4150000,oriel,Rawalpindi
2017,85000,5250000,oriel,Lahore
2017,100000,4850000,turbo,Lahore
2019,61000,5490000,oriel,Islamabad
2021,51000,6500000,oriel,Islamabad
2019,71000,6000000,oriel,Islamabad
2017,90000,5050000,oriel,Pir mahal
2021,45600,6350000,oriel,Rahim Yar Khan
2020,40000,6300000,oriel,Lahore
2020,61000,6100000,oriel,Islamabad
2018,104000,4995000,oriel,Faisalabad
2016,87000,4800000,turbo,Multan
2020,76125,6250000,turbo,Islamabad
2017,160000,4900000,oriel,Rawalpindi
2020,60000,6130000,oriel,Islamabad
2018,35000,5275000,oriel,Karachi
2020,69000,5790000,oriel,Lahore
2020,72896,5900000,oriel,Karachi
2020,78000,6845000,turbo,Islamabad
2017,79000,5150000,oriel,Lahore
2016,150000,5000000,turbo,Lahore
2017,25079,5300000,oriel,Karachi
2017,58000,4600000,oriel,Karachi
2021,70000,6250000,oriel,Lahore
2017,89000,4395000,oriel,Karachi
2017,113500,4775000,oriel,Lahore
2020,50000,7250000,turbo,Lahore
2019,109567,5000000,oriel,Karachi
2018,29629,5500000,oriel,Karachi
2018,62000,5220000,oriel,Islamabad
2018,51000,5100000,oriel,Karachi
2017,112000,4695000,oriel,Islamabad
2021,45000,7400000,turbo,Lahore
2021,61000,7400000,oriel,Islamabad
2019,90000,5750000,oriel,Islamabad
2017,85000,4750000,turbo,Karachi
2018,112444,4900000,oriel,Rawalpindi
2019,90000,5350000,oriel,Lahore
2017,106000,4985000,oriel,Islamabad
2020,67000,6197000,oriel,Wah cantt
2017,85000,5200000,oriel,Lahore
2016,118000,4820000,turbo,Lahore
2019,62000,5900000,oriel,Lahore
2021,13511,7000000,oriel,Karachi
2017,78000,4650000,oriel,Karachi
2016,147500,4290000,oriel,Zahir Peer
2020,58000,6240000,turbo,Karachi
2017,182899,4700000,oriel,Lahore
2021,22000,7000000,oriel,Peshawar
2021,21000,7100000,oriel,Peshawar
2020,77000,6450000,oriel,Peshawar
2020,54000,6350000,oriel,Peshawar
2016,123456,3900000,oriel,Islamabad
2016,125000,4590000,oriel,Lahore
2016,80000,4550000,turbo,Karachi
2021,37112,6475000,oriel,Multan
2016,130000,4150000,oriel,Rawalpindi
2018,76408,5390000,oriel,Faisalabad
2016,96000,4990000,turbo,Lahore
2017,85000,5250000,oriel,Lahore
2018,152000,5450000,oriel,Hyderabad
2017,108000,4550000,standard,Quetta
2016,92000,4825000,turbo,Lahore
2016,120093,4350000,oriel,Lahore
2018,90000,5290000,oriel,Lahore
2018,75800,5250000,oriel,Lahore
2021,80000,6465000,oriel,Lahore
2020,135000,6950000,turbo,Rawalpindi
2016,83000,4600000,oriel,Lahore
2016,83396,4800000,turbo,Karachi
2021,57000,5750000,oriel,Karachi
2019,100000,5450000,oriel,Lahore
2021,85421,6000000,oriel,Karachi
2018,70000,5250000,oriel,Islamabad
2021,63220,6500000,oriel,Lahore
2018,29629,5500000,oriel,Karachi
2019,66845,5500000,oriel,Gujrat
2018,62000,5220000,oriel,Islamabad
2016,120000,4850000,oriel,Sargodha
2016,103000,4550000,turbo,Karachi
2019,76850,5700000,oriel,Lahore
2020,75000,5900000,oriel,Tando Allah Yar
2018,51000,5100000,oriel,Karachi
2021,73000,6000000,oriel,Rawalpindi
2017,112000,4695000,oriel,Islamabad
2020,72000,6190000,oriel,Hafizabad
2018,85000,4875000,oriel,Lodhran
2021,45000,7400000,turbo,Lahore
2017,97000,5000000,oriel,Sargodha
2019,126826,5150000,oriel,Karachi
2018,100000,5600000,oriel,Islamabad
2019,105000,5700000,oriel,Mian Channu
2017,107000,5030000,oriel,Jhelum
2021,61000,7400000,oriel,Islamabad
2019,73000,5950000,oriel,Islamabad
2016,94000,4875000,turbo,Lahore
2021,77000,6400000,oriel,Chichawatni
2018,130000,4450000,standard,Lahore
2018,79520,5350000,oriel,Lahore
2017,150000,5275000,oriel,Lahore
2017,74432,4800000,oriel,Karachi
2021,44243,6100000,oriel,Lahore
2019,74000,5950000,oriel,Lahore
2017,99000,4850000,oriel,Rawalpindi
2018,90000,5450000,oriel,Lahore
2019,61000,5520000,standard,Karachi
2018,48000,5100000,oriel,Karachi
2019,83000,5200000,oriel,Karachi
2016,126000,4850000,turbo,Sahiwal
2021,78000,6800000,oriel,Multan
2021,46000,5765000,oriel,Karachi
2021,103653,7100000,turbo,Multan
2019,90000,5750000,oriel,Islamabad
2019,95000,5375000,oriel,Lahore
2017,85000,4750000,turbo,Karachi
2020,84100,6170000,standard,Mandi bahauddin
2018,112444,4900000,oriel,Rawalpindi
2018,120000,5200000,oriel,Islamabad
2019,90000,5350000,oriel,Lahore
2021,112000,7000000,turbo,Lahore
2017,120000,4550000,oriel,Islamabad
2018,130000,5400000,oriel,Islamabad
2019,108500,6500000,turbo,Lahore
2017,106000,4985000,oriel,Islamabad
2018,80000,5000000,oriel,Lahore
2016,160000,4400000,turbo,Islamabad
2018,92000,5400000,oriel,Gojra
2016,120093,4350000,oriel,Lahore
2020,64000,5400000,standard,Karachi
2018,104000,5350000,oriel,Islamabad
2018,90000,5290000,oriel,Lahore
2018,75800,5250000,oriel,Lahore
2018,48000,5000000,oriel,Karachi
2021,80000,6465000,oriel,Lahore
2020,135000,6950000,turbo,Rawalpindi
2021,77000,7500000,turbo,Islamabad
2021,91000,6325000,oriel,Lahore
2018,89000,5250000,oriel,Lahore
2016,152083,4200000,standard,Faisalabad
2019,69000,5265000,oriel,Karachi
2020,65000,6500000,turbo,Islamabad
2017,107264,4475000,standard,Lahore
2019,52965,5750000,oriel,Karachi
2019,122000,5500000,oriel,Lahore
2021,48000,7050000,oriel,Rawalpindi
2021,35000,6555000,oriel,Peshawar
2021,47000,6025000,oriel,Karachi
2018,17878,6000000,oriel,Karachi
2018,72500,5190000,oriel,Lahore
2016,83000,4600000,oriel,Lahore
2016,83396,4800000,turbo,Karachi
2021,57000,5750000,oriel,Karachi
2019,100000,5450000,oriel,Lahore
2018,100200,5350000,oriel,Hafizabad
2019,90000,5495000,oriel,Lahore
2021,85421,6000000,oriel,Karachi
2017,64104,4800000,oriel,Gujranwala
2016,169000,4750000,turbo,Lahore
2019,72000,5550000,oriel,Lahore
2018,70000,5250000,oriel,Islamabad
2018,78000,4925000,oriel,Karachi
2021,68000,6450000,oriel,Islamabad
2018,59000,4920000,oriel,Karachi
2021,63220,6500000,oriel,Lahore
2018,102600,5600000,oriel,Lahore
2017,74432,4800000,oriel,Karachi
2019,65000,5400000,oriel,Karachi
2021,44243,6100000,oriel,Lahore
2019,130000,5300000,oriel,Multan
2020,67500,5800000,oriel,Karachi
2019,74000,5950000,oriel,Lahore
2017,99000,4850000,oriel,Rawalpindi
2021,90000,6600000,oriel,Layyah
2017,59000,4799000,oriel,Karachi
2019,66811,5385000,standard,Lahore
2020,57000,6800000,turbo,Islamabad
2018,46000,5150000,oriel,Karachi
2016,125000,5175000,turbo,Islamabad
2017,78000,4275000,oriel,Karachi
2021,98000,5840000,oriel,Karachi
2021,75000,6350000,oriel,Lahore
2017,72500,4975000,standard,Islamabad
2021,41000,6050000,oriel,Karachi
2017,145000,4800000,oriel,Lahore
2018,41000,5350000,oriel,Karachi
2017,95000,4650000,oriel,Lahore
2018,90000,5450000,oriel,Lahore
2019,61000,5520000,standard,Karachi
2018,48000,5100000,oriel,Karachi
2020,51200,6080000,oriel,Karachi
2019,83000,5200000,oriel,Karachi
2016,126000,4850000,turbo,Sahiwal
2016,145000,4475000,oriel,Islamabad
2016,106000,4775000,turbo,Faisalabad
2021,78000,6800000,oriel,Multan
2019,81000,5600000,oriel,Sheikhupura
2018,100000,4650000,standard,Lahore
2017,93360,5000000,oriel,Lahore
2021,46000,5765000,oriel,Karachi
2021,103653,7100000,turbo,Multan
2018,89000,5250000,oriel,Lahore
2017,56000,4625000,oriel,Karachi
2020,75000,5850000,oriel,Karachi
2021,83500,5995000,oriel,Gujranwala
2021,74473,6100000,oriel,Larkana
2017,67000,5400000,oriel,Faisalabad
2016,152083,4200000,standard,Faisalabad
2017,80000,4900000,oriel,Nankana sahib
2019,69000,5265000,oriel,Karachi
2021,45000,6785000,oriel,Islamabad
2018,1,5000000,oriel,Charsadda
2020,57000,5900000,oriel,Karachi
2016,106000,4850000,oriel,Islamabad
2016,82000,4475000,oriel,Karachi
2020,38000,6150000,oriel,Karachi
2021,23000,6900000,oriel,Multan
2017,230000,4250000,oriel,Peshawar
2016,47000,4700000,turbo,Karachi
2017,98000,5225000,oriel,Islamabad
2019,77388,5280000,oriel,Islamabad
2018,65000,4950000,oriel,Lahore
2017,150000,4425000,standard,Lahore
2020,41000,5650000,oriel,Karachi
2020,65000,6500000,turbo,Islamabad
2017,107264,4475000,standard,Lahore
2016,141730,4650000,oriel,Lahore
2019,52965,5750000,oriel,Karachi
2020,85300,5935000,oriel,Lahore
2020,45000,6200000,oriel,Rawalpindi
2017,105000,5000000,oriel,Rawalpindi
2016,100600,4750000,oriel,Rawalpindi
2019,122000,5500000,oriel,Lahore
2016,60000,5025000,oriel,Sialkot
2021,48000,7050000,oriel,Rawalpindi
2021,35000,6555000,oriel,Peshawar
2021,48000,6570000,oriel,Pir mahal
2021,47000,6025000,oriel,Karachi
2017,126000,4950000,oriel,Lahore
2018,86000,5145000,oriel,Lahore
2018,17878,6000000,oriel,Karachi
2018,97000,5350000,oriel,Islamabad
2017,86000,4950000,oriel,Karachi
2020,68000,6300000,turbo,Karachi
2018,72500,5190000,oriel,Lahore
2018,81000,5100000,oriel,Lahore
2018,70000,5300000,oriel,Lahore
2017,120000,4600000,turbo,Peshawar
2019,66811,5385000,standard,Lahore
2019,48500,5325000,oriel,Karachi
2020,62418,5950000,oriel,Lahore
2021,39000,6350000,oriel,Karachi
2021,24000,6650000,oriel,Lahore
2018,93000,4950000,oriel,Gujranwala
2019,68000,5850000,oriel,Peshawar
2017,62000,4575000,oriel,Karachi
2019,116500,6270000,turbo,Islamabad
2017,49000,4850000,oriel,Karachi
2020,87500,5800000,oriel,Lahore
2016,65000,5100000,turbo,Faisalabad
2021,60000,6750000,oriel,Islamabad
2016,109000,4450000,oriel,Lahore
2016,80000,4450000,oriel,Rahim Yar Khan
2016,100000,4800000,oriel,Kot addu
2017,75000,4750000,standard,Islamabad
2020,97800,6200000,oriel,Islamabad
2019,119000,5950000,oriel,Faisalabad
2020,57000,6800000,turbo,Islamabad
2018,46000,5150000,oriel,Karachi
2017,70000,4575000,oriel,Karachi
2016,70500,5375000,turbo,Lahore
2018,92000,5190000,oriel,Lahore
2016,110000,4750000,oriel,Lahore
2019,86000,6350000,oriel,Islamabad
2017,60000,4275000,standard,Karachi
2021,35000,6450000,oriel,Lahore
2021,54000,6300000,oriel,Hyderabad
2021,88000,6600000,standard,Lahore
2017,88000,5025000,oriel,Sahiwal
2021,50000,6700000,oriel,Multan
2017,95400,4800000,oriel,Islamabad
2016,125000,5175000,turbo,Islamabad
2019,186000,5550000,oriel,Islamabad
2017,130000,4575000,oriel,Islamabad
2020,80000,6650000,turbo,Peshawar
2017,74000,4750000,oriel,Peshawar
2017,114000,4700000,oriel,Rawalpindi
2021,52000,6350000,oriel,Lahore
2016,94000,4575000,oriel,Lahore
2021,40500,6800000,oriel,Islamabad
2018,80000,5450000,oriel,Lahore
2021,38000,6490000,oriel,Faisalabad
2019,124000,5950000,oriel,Islamabad
2016,65000,5525000,turbo,Lahore
2017,144000,5080000,turbo,Islamabad
2017,71500,5150000,oriel,Lahore
2019,72000,5950000,oriel,Rawalpindi
2021,78000,6600000,oriel,Islamabad
2018,76000,5100000,oriel,Lahore
2018,85000,5400000,oriel,Kharian
2018,51000,5770000,oriel,Islamabad
2017,78000,4275000,oriel,Karachi
2019,42250,5400000,oriel,Karachi
2021,98000,5840000,oriel,Karachi
2021,27000,6650000,oriel,Alipur Chatta
2018,126000,5300000,oriel,Lahore
2017,80000,5000000,oriel,Islamabad
2016,112000,3150000,oriel,Karachi
2021,75000,6350000,oriel,Lahore
2021,55000,6600000,oriel,Lahore
2017,68000,5120000,oriel,Lahore
2017,72500,4975000,standard,Islamabad
2021,74000,6400000,oriel,Jhelum
2017,77000,5300000,oriel,Kharian
2020,46000,5950000,oriel,Karachi
2017,99935,4750000,oriel,Gujranwala
2018,48000,5500000,standard,Islamabad
2018,68345,5300000,oriel,Burewala
2016,91000,5075000,turbo,Gujranwala
2021,41000,6050000,oriel,Karachi
2017,100000,4950000,oriel,Islamabad
2021,60000,6500000,oriel,Faisalabad
2018,83000,5600000,oriel,Sialkot
2017,142000,4950000,oriel,Lahore
2018,72705,5380000,oriel,Islamabad
2020,132000,6100000,oriel,Lahore
2021,80000,6050000,oriel,Lahore
2018,69000,4750000,oriel,Karachi
2021,55000,6370000,oriel,Islamabad
2019,75000,5335000,oriel,Karachi
2019,136200,5600000,oriel,Lahore
2017,63000,4820000,oriel,Karachi
2021,19880,6950000,oriel,Multan
2019,110000,5950000,oriel,Islamabad
2017,75000,4950000,oriel,Peshawar
2017,120000,4500000,standard,Karachi
2017,145000,4800000,oriel,Lahore
2018,41000,5350000,oriel,Karachi
2017,106000,4600000,oriel,Rahim Yar Khan
2018,71000,4975000,oriel,Karachi
2018,72000,5500000,oriel,Sargodha
2016,118000,4450000,oriel,Okara
2016,79000,4850000,turbo,Lahore
2017,95000,4650000,oriel,Lahore
2020,57000,5900000,oriel,Karachi
2018,88020,5530000,oriel,Islamabad
2019,60000,5450000,oriel,Lahore
2017,295000,5000000,oriel,Lahore
2021,92000,5950000,oriel,Kabirwala
2016,106000,4850000,oriel,Islamabad
2018,70000,5570000,oriel,Lahore
2016,82000,4475000,oriel,Karachi
2017,81000,5050000,oriel,Peshawar
2017,78500,4925000,oriel,Lahore
2020,38000,6150000,oriel,Karachi
2018,170000,4900000,oriel,Karachi
2019,38000,5950000,oriel,Lahore
2016,102000,5200000,turbo,Islamabad
2021,23000,6900000,oriel,Multan
2019,64000,6000000,oriel,Mandi bahauddin
2021,70000,6675000,oriel,Islamabad
2021,37000,6500000,standard,Karachi
2017,106419,5200000,oriel,Karachi
2018,67000,5350000,oriel,Faisalabad
2018,100000,5450000,oriel,Islamabad
2017,90000,5085000,oriel,Islamabad
2018,80000,4900000,oriel,Karachi
2018,80000,4925000,oriel,Hyderabad
2020,66000,6200000,oriel,Gujranwala
2019,89000,5600000,standard,Jhelum
2017,230000,4250000,oriel,Peshawar
2016,47000,4700000,turbo,Karachi
2018,126000,5150000,oriel,Lahore
2017,98000,5225000,oriel,Islamabad
2019,77388,5280000,oriel,Islamabad
2019,100000,5300000,oriel,Chichawatni
2018,65000,4950000,oriel,Lahore
2020,70000,6350000,oriel,Haripur
2017,150000,4425000,standard,Lahore
2018,122000,5300000,oriel,Lahore
2021,38000,6630000,oriel,Sialkot
2019,118000,5500000,standard,Lahore
2020,65000,6750000,turbo,Islamabad
2019,78000,5400000,standard,Rawalpindi
2018,83000,5600000,oriel,Sialkot
2018,90000,5400000,standard,Lahore
2019,67000,5900000,turbo,Islamabad
2018,6600,6300000,oriel,Pak pattan sharif
2017,55000,4850000,standard,Karachi
2020,44000,6450000,oriel,Islamabad
2020,41000,5650000,oriel,Karachi
2021,55000,6375000,oriel,Faisalabad
2021,106000,6300000,oriel,Sahiwal
2016,132000,5100000,turbo,Sheikhupura
2018,116000,5500000,oriel,Lahore
2018,72000,5100000,oriel,Multan
2021,44000,5900000,standard,Karachi
2019,48500,5325000,oriel,Karachi
2018,68000,5450000,oriel,Rahim Yar Khan
2021,47000,6650000,oriel,Lahore
2020,62418,5950000,oriel,Lahore
2019,85000,6000000,oriel,Quetta
2020,80000,6200000,oriel,Peshawar
2017,90000,5000000,oriel,Sheikhupura
2021,39000,6350000,oriel,Karachi
2020,92000,6700000,standard,Lahore
2019,77600,5875000,oriel,Lahore
2019,69000,5550000,standard,Lahore
2021,24000,6650000,oriel,Lahore
2020,60000,6500000,oriel,Kohat
2018,93000,4950000,oriel,Gujranwala
2017,55000,5200000,oriel,Peshawar
2017,84000,5150000,oriel,Islamabad
2019,85075,6050000,oriel,Rawalpindi
2016,114310,5050000,turbo,Lahore
2019,131000,5600000,oriel,Mansehra
2017,47000,5100000,standard,Rahim Yar Khan
2021,75000,6350000,oriel,Chichawatni
2016,160000,5300000,turbo,Multan
2017,100000,4875000,oriel,Gujrat
2019,106000,5500000,oriel,Okara
2017,131000,5190000,oriel,Islamabad
2019,63000,6500000,oriel,Islamabad
2018,53000,5650000,oriel,Islamabad
2021,60000,6400000,oriel,Islamabad
2017,79000,4795000,oriel,Karachi
2017,69500,5550000,turbo,Faisalabad
2016,105316,4750000,oriel,Nowshera
2021,35000,6450000,oriel,Lahore
2020,47800,6850000,turbo,Islamabad
2019,68000,5850000,oriel,Peshawar
2018,98500,5250000,oriel,Lahore
2017,62000,4575000,oriel,Karachi
2021,53052,7000000,oriel,Peshawar
2019,116500,6270000,turbo,Islamabad
2016,75000,4900000,oriel,Faisalabad
2016,113000,4950000,turbo,Sahiwal
2017,49000,4850000,oriel,Karachi
2021,68589,6200000,standard,Karachi
2018,57000,5130000,oriel,Karachi
2021,65000,6500000,oriel,Bahawalpur
2016,108000,4675000,standard,Lahore
2020,87500,5800000,oriel,Lahore
2018,120000,4670000,oriel,Karachi
2017,112000,5200000,oriel,Islamabad
2016,65000,5100000,turbo,Faisalabad
2021,78000,5950000,oriel,Layyah
2018,100000,5150000,oriel,Lahore
2018,100000,5200000,standard,Faisalabad
2019,96000,5850000,oriel,Peshawar
2017,79120,5100000,oriel,Lahore
2021,60000,6750000,oriel,Islamabad
2021,32000,6550000,oriel,Lahore
2021,99000,5850000,standard,Islamabad
2017,63000,5200000,oriel,Islamabad
2019,120000,5500000,oriel,Peshawar
2021,88000,6500000,oriel,Faisalabad
2018,95000,5300000,oriel,Lahore
2021,44000,6470000,oriel,Islamabad
2018,80000,5600000,oriel,Nowshera
2021,57000,7300000,turbo,Chakwal
2017,86000,4950000,oriel,Toba Tek Singh
2021,85000,6500000,oriel,Lahore
2021,64614,6680000,turbo,Islamabad
2019,55000,5400000,oriel,Gujrat
2018,72300,5000000,oriel,Karachi
2019,80000,5395000,oriel,Karachi
2017,88000,4800000,oriel,Faisalabad
2019,68000,5100000,oriel,Karachi
2017,92000,4900000,turbo,Sargodha
2018,122828,5275000,oriel,Multan
2017,92000,4700000,turbo,Karachi
2018,73490,5500000,oriel,Karachi
2020,99000,5850000,oriel,Lahore
2018,179500,5500000,oriel,Lahore
2017,114000,4700000,oriel,Rawalpindi
2017,230000,4800000,oriel,Lahore
2017,120000,4800000,oriel,Lahore
2018,90000,5400000,oriel,Islamabad
2017,88000,5050000,oriel,Quetta
2021,50000,7100000,oriel,Kharian
2017,102000,5150000,oriel,Faisalabad
2017,90000,4910000,oriel,Narowal
2021,52000,6350000,oriel,Lahore
2016,175000,4300000,standard,Islamabad
2017,76000,5600000,turbo,Lahore
2021,75000,7350000,turbo,Faisalabad
2017,1,5050000,oriel,Lahore
2018,62000,5350000,oriel,Abbottabad
2016,94000,4575000,oriel,Lahore
2021,40500,6800000,oriel,Islamabad
2017,60000,4750000,oriel,Karachi
2016,120000,5300000,turbo,Peshawar
2018,58600,5400000,oriel,Multan
2016,84000,4420000,oriel,Karachi
2018,133000,5000000,oriel,Lahore
2018,31350,5200000,oriel,Karachi
2017,120000,5150000,oriel,Karachi
2019,101000,5575000,oriel,Islamabad
2018,80000,5450000,oriel,Lahore
2021,38000,6490000,oriel,Faisalabad
2021,50000,5650000,oriel,Karachi
2019,124000,5950000,oriel,Islamabad
2017,62500,4950000,oriel,Gujranwala
2021,36500,6370000,oriel,Lahore
2020,58000,5990000,oriel,Hyderabad
2017,69000,4850000,standard,Lahore
2016,65000,5525000,turbo,Lahore
2021,21957,6350000,oriel,Karachi
2017,144000,5080000,turbo,Islamabad
2018,25752,5700000,oriel,Karachi
2017,61500,4700000,oriel,Karachi
2019,68200,4950000,oriel,Karachi
2017,42000,4850000,oriel,Karachi
2018,100000,5250000,oriel,Islamabad
2019,79000,5600000,oriel,Lahore
2020,49000,5800000,oriel,Karachi
2017,71500,5150000,oriel,Lahore
2018,90000,5450000,oriel,Rawalpindi
2019,72000,5950000,oriel,Rawalpindi
2021,78000,6600000,oriel,Islamabad
2017,142000,4950000,oriel,Lahore
2018,81000,5150000,oriel,Raiwind
2018,73000,5450000,oriel,Peshawar
2020,42000,6400000,standard,Islamabad
2018,72705,5380000,oriel,Islamabad
2019,97864,5300000,oriel,Sahiwal
2020,60000,6100000,oriel,Lahore
2020,85000,6300000,oriel,Lahore
2020,132000,6100000,oriel,Lahore
2017,90000,4840000,oriel,Quetta
2018,120000,5150000,oriel,Islamabad
2016,109000,5300000,turbo,Rawalpindi
2017,1,4600000,standard,Lahore
2018,57000,5600000,oriel,Swabi
2017,100000,4400000,standard,Ahmed Pur East
2021,85000,6500000,standard,Islamabad
2016,87000,5250000,turbo,Lahore
2017,130000,4700000,standard,Lahore
2021,80000,6050000,oriel,Lahore
2019,89000,5550000,oriel,Islamabad
2018,69000,4750000,oriel,Karachi
2021,55000,6370000,oriel,Islamabad
2019,75000,5335000,oriel,Karachi
2017,112000,4900000,oriel,Islamabad
2019,136200,5600000,oriel,Lahore
2017,96500,4900000,oriel,Bhalwal
2017,63000,4820000,oriel,Karachi
2021,19880,6950000,oriel,Multan
2019,110000,5950000,oriel,Islamabad
2016,97500,5000000,turbo,Sargodha
2021,36000,6550000,oriel,Lahore
2016,80000,4275000,oriel,Multan
2017,75000,4950000,oriel,Peshawar
2021,70000,6675000,oriel,Islamabad
2020,110000,5900000,oriel,Islamabad
2017,62671,4600000,oriel,Karachi
2016,105000,3900000,standard,Faisalabad
2018,100000,5000000,oriel,Lahore
2018,99000,4799999,oriel,Islamabad
2017,85000,5100000,oriel,Karachi
2020,70000,5600000,oriel,Lahore
2016,69000,4050000,oriel,Islamabad
2016,150000,4200000,oriel,Rawalpindi
2016,74000,5700000,turbo,Lahore
2018,48500,5700000,oriel,Lahore
2017,75000,4485000,oriel,Karachi
2021,37000,6500000,standard,Karachi
2019,92000,5400000,oriel,Faisalabad
2020,60246,6180000,oriel,Lahore
2017,55726,4800000,oriel,Karachi
2017,130000,4700000,oriel,Lahore
2019,130000,5800000,standard,Lahore
2017,106419,5200000,oriel,Karachi
2021,65000,6300000,oriel,Islamabad
2018,91000,5200000,oriel,Jhelum
2019,107000,6000000,standard,Islamabad
2016,104000,4700000,oriel,Lahore
2017,80000,3850000,standard,Karachi
2016,140000,5200000,turbo,Lahore
2018,67000,5350000,oriel,Faisalabad
2018,100000,5450000,oriel,Islamabad
2017,98000,4930000,oriel,Sialkot
2018,29000,6500000,oriel,Rawalpindi
2017,90000,5085000,oriel,Islamabad
2018,135998,5195000,oriel,Islamabad
2019,60547,5600000,standard,Nowshera
2018,40759,5850000,oriel,Islamabad
2020,35000,6000000,oriel,Karachi
2017,99000,4650000,oriel,Karachi
2021,45000,6200000,oriel,Peshawar
2016,107000,4350000,oriel,Karachi
2018,80000,4900000,oriel,Karachi
2020,30000,7200000,turbo,Mirpur A.K
2018,57000,4950000,oriel,Karachi
2018,82000,5360000,oriel,Gujranwala
2016,50383,6000000,turbo,Karachi
2018,90354,5500000,standard,Islamabad
2017,70000,5500000,oriel,Peshawar
2021,100000,6500000,oriel,Lahore
2017,85000,5300000,oriel,Jhelum
2018,65000,5550000,oriel,Karachi
2018,101000,5200000,oriel,Lahore
2020,84000,6150000,oriel,Dera ismail khan
2021,9000,8150000,turbo,Mirpur A.K
2019,46000,6100000,oriel,Gujranwala
2018,62000,4800000,oriel,Karachi
2020,60000,6300000,oriel,Sheikhupura
2020,83500,5750000,standard,Karachi
2016,60000,4700000,oriel,Lahore
2021,61000,6100000,oriel,Karachi
2020,48000,6350000,oriel,Lahore
2017,109000,4950000,oriel,Rawalpindi
2017,90000,5100000,oriel,Gujranwala
2018,84000,5100000,oriel,Karachi
2018,89000,5425000,oriel,Bhakkar
2016,100000,4400000,standard,Gujranwala
2016,92000,5100000,turbo,Gujrat
2018,60000,5675000,oriel,Lahore
2021,39200,6800000,oriel,Peshawar
2016,108000,4650000,turbo,Lahore
2016,105000,5080000,turbo,Lahore
2018,58000,5175000,oriel,Sialkot
2018,220000,5600000,oriel,Islamabad
2016,91000,4825000,turbo,Gujranwala
2021,73000,6200000,standard,Mandi bahauddin
2017,50000,4300000,standard,Multan
2017,118000,4570000,oriel,Lahore
2016,89000,5000000,turbo,Rawalpindi
2017,2200,4200000,oriel,Faisalabad
2018,39500,5700000,oriel,Karachi
2018,88000,5450000,oriel,Islamabad
2021,66000,6600000,oriel,Pir mahal
2018,76000,4680000,oriel,Karachi
2021,8500,7300000,oriel,Peshawar
2021,66000,6600000,oriel,Pir mahal
2021,54000,6650000,oriel,Multan
2017,82000,4690000,oriel,Mansehra
2017,93000,4800000,oriel,Karachi
2018,48373,5100000,oriel,Islamabad
2018,115000,5000000,standard,Mirpur A.K
2021,45000,6450000,oriel,Lahore
2017,149000,4675000,oriel,Lahore
2020,96000,6100000,oriel,Lahore
2020,64000,6500000,turbo,Islamabad
2021,62000,6700000,oriel,Islamabad
2018,102000,5250000,oriel,Peshawar
2018,31000,5775000,oriel,Lahore
2019,90000,5990000,oriel,Bhakkar
2020,97000,6000000,oriel,Pir mahal
2018,40000,5125000,oriel,Karachi
2020,60000,6050000,oriel,Karachi
2018,80000,4750000,oriel,Rahim Yar Khan
2019,137000,5700000,oriel,Sheikhupura
2021,62000,6300000,oriel,Lahore
2018,119000,5050000,oriel,Multan
2017,43000,4750000,oriel,Karachi
2018,65000,5120000,oriel,Multan
2018,55000,5200000,oriel,Islamabad
2017,150000,5350000,turbo,Burewala
2021,39000,6550000,oriel,Lahore
2021,48500,5975000,oriel,Karachi
2021,76000,6450000,oriel,Islamabad
2016,70000,5450000,turbo,Islamabad
2018,99000,5400000,oriel,Hafizabad
2018,120000,5800000,oriel,Faisalabad
2020,83000,6550000,turbo,Islamabad
2017,58000,4530000,oriel,Karachi
2019,106000,5750000,oriel,Chakwal
2018,115000,5135000,oriel,Islamabad
2016,104000,4750000,oriel,Lahore
2017,90000,5350000,oriel,Peshawar
2018,74000,4975000,oriel,Karachi
2020,82000,5850000,oriel,Islamabad
2020,95000,6000000,oriel,Quetta
2020,67000,5790000,oriel,Lahore
2018,80000,4925000,oriel,Hyderabad
2017,116000,5000000,standard,Peshawar
2020,80000,6100000,oriel,Peshawar
2017,120000,4800000,oriel,Lahore
2017,88000,4875000,oriel,Multan
2017,178000,4850000,oriel,Islamabad
2018,133186,5100000,oriel,Lahore
2019,70000,5850000,oriel,Lahore
2018,125000,5150000,oriel,Faisalabad
2020,36000,6400000,oriel,Lahore
2016,150000,5200000,turbo,Peshawar
2021,48000,6350000,oriel,Karachi
2020,75000,5100000,oriel,Jhelum
2018,130000,5100000,oriel,Karachi
2021,47000,6850000,oriel,Islamabad
2018,76000,5850000,oriel,Islamabad
2018,140000,5270000,oriel,Lahore
2020,74000,5950000,oriel,Lahore
2017,86000,5150000,oriel,Jhang
2018,26500,5150000,oriel,Karachi
2017,80000,4950000,standard,Jaranwala
2018,132000,5500000,oriel,Islamabad
2020,35000,6500000,oriel,Mirpur A.K
2019,56000,6200000,turbo,Multan
2019,70,5900000,oriel,Peshawar
2021,51000,5950000,standard,Rawalpindi
2018,101000,5460000,oriel,Kharian
2017,97000,4565000,oriel,Karachi
2020,71000,5470000,standard,Lahore
2020,60000,5950000,turbo,Multan
2016,50000,6150000,turbo,Rawalpindi
2021,45000,6650000,oriel,Islamabad
2021,130000,6200000,standard,Lahore
2016,81000,4650000,oriel,Quetta
2019,47300,5950000,oriel,Lahore
2017,57800,5000000,oriel,Karachi
2021,67000,6550000,oriel,Peshawar
2018,144000,5200000,oriel,Attock
2017,109000,4200000,oriel,Hyderabad
2016,80000,5500000,turbo,Peshawar
2019,34000,5650000,oriel,Karachi
2018,56700,5615000,oriel,Multan
2018,100000,5450000,oriel,Sargodha
2021,62000,6560000,oriel,Khanewal
2019,85000,5580000,oriel,Peshawar
2018,195000,4840000,oriel,Burewala
2021,47000,6495000,oriel,Gujrat
2020,58000,5650000,oriel,Karachi
2017,112000,4690000,oriel,Lahore
2021,50000,6700000,oriel,Lahore
2016,95000,4650000,turbo,Phalia
2018,75000,4500000,oriel,Quetta
2018,65000,5300000,oriel,Multan
2016,150000,4200000,oriel,Rawalpindi
2017,81794,4700000,oriel,Multan
2017,92000,5300000,oriel,Gojra
2019,57265,6295000,oriel,Islamabad
2017,90000,4900000,oriel,Lahore
2016,150500,4100000,oriel,Lahore
2018,110000,5500000,oriel,Faisalabad
2017,100000,5350000,turbo,Gujrat
2017,99000,4750000,oriel,Hafizabad
2019,70000,6700000,oriel,Islamabad
2019,80000,5250000,oriel,Islamabad
2016,88000,4665000,oriel,Multan
2021,39000,6700000,oriel,Islamabad
2019,79000,5700000,oriel,Hyderabad
2018,52000,5700000,standard,Lahore
2017,90000,4750000,oriel,Liaqat Pur
2020,66000,6200000,oriel,Gujranwala
2019,119000,5350000,oriel,Faisalabad
2019,83000,5490000,oriel,Faisalabad
2020,90000,5850000,oriel,Islamabad
2020,103000,6000000,standard,Sara-E-Alamgir
2018,66000,4875000,oriel,Karachi
2017,61000,4750000,oriel,Karachi
2016,79000,4750000,oriel,Rahim Yar Khan
2021,152000,6100000,oriel,Faisalabad
2019,80000,5600000,oriel,Karachi
2018,68000,4925000,oriel,Karachi
2018,74000,5425000,oriel,Lahore
2016,129000,5100000,turbo,Faisalabad
2016,105000,4600000,oriel,Multan
2021,30000,6500000,oriel,Lahore
2018,100000,5500000,oriel,Peshawar
2017,126000,5150000,oriel,Islamabad
2020,109000,6170000,oriel,Chowk azam
2018,100000,4999999,standard,Faisalabad
2017,158000,4950000,oriel,Lahore
2020,68000,6350000,oriel,Islamabad
2018,111061,4800000,standard,Islamabad
2021,905,7300000,oriel,Karachi
2021,52000,6400000,oriel,Vehari
2021,95612,6300000,oriel,Peshawar
2021,62500,5850000,oriel,Karachi
2019,122000,6200000,oriel,Islamabad
2018,69000,5200000,standard,Gujranwala
2021,36000,6600000,oriel,Rawalpindi
2020,72000,6050000,oriel,Multan
2018,90000,5415000,oriel,Lahore
2021,49000,7000000,oriel,Peshawar
2018,84000,5550000,oriel,Peshawar
2016,118000,5000000,turbo,Islamabad
2021,47000,6750000,oriel,Peshawar
2020,102000,6000000,oriel,Peshawar
2016,160000,4750000,oriel,Islamabad
2017,78000,4750000,oriel,Karachi
2020,48500,6600000,turbo,Karachi
2019,56000,7190000,turbo,Islamabad
2019,90000,5600000,oriel,Qila Deedar Singh
2018,100000,5200000,standard,Islamabad
2019,104000,5000000,oriel,Faisalabad
2019,90000,5150000,oriel,Islamabad
2018,135000,5250000,oriel,Islamabad
2018,82000,5150000,oriel,Hyderabad
2019,74000,5675000,oriel,Lahore
2021,44500,7050000,turbo,Rawalpindi
2020,93000,6290000,oriel,Lahore
2020,64000,6150000,oriel,Peshawar
2018,75000,5025000,oriel,Lahore
2016,105000,5300000,turbo,Rawalpindi
2017,85000,5150000,oriel,Rawalpindi
2021,49000,6600000,oriel,Quetta
2021,54000,6500000,standard,Hyderabad
2018,63000,5550000,oriel,Faisalabad
2019,122000,5580000,oriel,Lahore
2018,160000,5200000,oriel,Lahore
2019,95000,5200000,standard,Lahore
2018,97000,5200000,oriel,Lahore
2018,103000,5350000,oriel,Sheikhupura
2021,65000,6395000,oriel,Lahore
2018,86000,4950000,oriel,Lahore
2021,44000,6700000,oriel,Islamabad
2019,54146,5600000,oriel,Karachi
2018,65000,5000000,oriel,Karachi
2021,80000,6875000,standard,Lahore
2021,50000,6800000,oriel,Phalia
2020,37000,6150000,oriel,Abbottabad
2019,105000,5600000,oriel,Lahore
2019,66000,5800000,oriel,Mian Wali
2020,80000,6270000,oriel,Islamabad
2021,115000,6875000,turbo,Mirpur A.K
2017,61290,4000000,standard,Karachi
2017,65000,4600000,oriel,Karachi
2021,22000,6700000,oriel,Lahore
2019,74000,6225000,oriel,Lahore
2020,100000,5800000,oriel,Lahore
2020,57000,6230000,oriel,Lahore
2020,68000,6100000,oriel,Sialkot
2016,190000,3900000,oriel,Islamabad
2019,110000,5100000,oriel,Karachi
2020,90000,5745000,standard,Wah cantt
2017,62000,5000000,oriel,Karachi
2017,118000,5125000,standard,Islamabad
2019,85000,5950000,oriel,Lahore
2019,90000,5970000,oriel,Lahore
2018,136000,5200000,oriel,Pind Dadan Khan
2018,65500,5700000,oriel,Dadyal Ak
2021,70000,6500000,oriel,Sargodha
2016,102000,5195000,turbo,Lahore
2021,65000,6100000,oriel,Lahore
2018,115,5000000,oriel,Mardan
2017,54000,5190000,oriel,Sialkot
2021,105000,6300000,oriel,Islamabad
2018,37000,5650000,oriel,Karachi
2018,133000,5300000,oriel,Rawalpindi
2017,98000,5200000,oriel,Jalalpur Pirwala
2016,97400,5100000,turbo,Rawalpindi
2018,107000,5075000,oriel,Karachi
2019,87000,5900000,oriel,Lahore
2019,49000,5450000,oriel,Karachi
2016,93600,5500000,turbo,Lahore
2020,58000,6250000,oriel,Chakwal
2016,141000,5150000,turbo,Islamabad
2017,87000,5099999,oriel,Rawalpindi
2017,127000,4650000,oriel,Nankana sahib
2017,95000,4900000,oriel,Islamabad
2016,150000,4700000,standard,Taunsa sharif
2019,86600,5800000,standard,Mirpur A.K
2021,83000,6550000,oriel,Sialkot
2017,97000,4990000,oriel,Hassan abdal
2017,55000,5325000,standard,Lahore
2019,89000,5600000,standard,Jhelum
2016,92000,5170000,turbo,Faisalabad
2019,76000,5400000,oriel,Faisalabad
2016,138000,4350000,oriel,Okara
2017,75000,5100000,oriel,Wah cantt
2017,107000,4650000,oriel,Multan
2016,80000,4100000,standard,Karachi
2018,139000,4875000,oriel,D.G.Khan
2017,84000,4550000,oriel,Bahawalpur
2021,78000,6000000,oriel,Lahore
2020,94000,6800000,turbo,Multan
2019,66085,4800000,standard,Lahore
2017,40000,5300000,oriel,Hyderabad
2016,69900,4700000,turbo,Karachi
2019,142000,5230000,oriel,Mirpur A.K
2017,46000,5100000,oriel,Karachi
2018,88000,4950000,oriel,Karachi
2020,62000,5750000,oriel,Multan
2019,86000,5500000,oriel,Karachi
2017,72000,4600000,oriel,Karachi
2017,62000,5250000,oriel,Lahore
2019,85000,5590000,oriel,Lahore
2018,112457,5300000,oriel,Lahore
2021,78000,6000000,oriel,Lahore
2020,94000,6800000,turbo,Multan
2019,66085,4800000,standard,Lahore
2017,40000,5300000,oriel,Hyderabad
2016,69900,4700000,turbo,Karachi
2019,142000,5230000,oriel,Mirpur A.K
2017,46000,5100000,oriel,Karachi
2018,88000,4950000,oriel,Karachi
2020,62000,5750000,oriel,Multan
2019,86000,5500000,oriel,Karachi
2017,72000,4600000,oriel,Karachi
2017,62000,5250000,oriel,Lahore
2019,85000,5590000,oriel,Lahore
2018,112457,5300000,oriel,Lahore
